id,channel,days_ago,rating,text
F0001,app_review,39,1,Service fee went up again with no notice.
F0002,app_review,90,2,Late again. Third time this month.
F0003,app_review,54,2,Window slipped twice in one afternoon.
F0004,app_review,27,2,"No update, no ETA, driver just showed up an hour after the window."
F0005,nps_verbatim,14,2,"Asked for whole milk, they sent oat milk. Nobody checked with me."
F0006,nps_verbatim,12,1,Delivery fee doubled for the same order size.
F0007,app_review,29,1,Replaced my specific hot sauce with ketchup. Ketchup.
F0008,support_ticket,18,2,Window slipped twice in one afternoon.
F0009,app_review,26,1,Why is there a bag fee AND a service fee?
F0010,support_ticket,44,1,Prices in the app are higher than in store.
F0011,support_ticket,89,3,"Groceries left at the wrong door, found them next morning."
F0012,nps_verbatim,56,1,Kids' snack swapped for one with nuts. Allergy. This is a safety issue.
F0013,app_review,72,3,"No update, no ETA, driver just showed up an hour after the window."
F0014,nps_verbatim,18,2,I would rather get nothing than a random replacement I did not ask for.
F0015,app_review,36,2,Got the wrong size diapers. Baby can't wait for a refund.
F0016,support_ticket,36,1,Service fee went up again with no notice.
F0017,nps_verbatim,57,4,Good experience overall.
F0018,nps_verbatim,21,1,Please just let me choose my own backup item. Why is this hard?
F0019,nps_verbatim,52,2,"No update, no ETA, driver just showed up an hour after the window."
F0020,nps_verbatim,68,1,Every other order has a substitution I have to return. Exhausting.
F0021,nps_verbatim,73,2,"No update, no ETA, driver just showed up an hour after the window."
F0022,app_review,85,2,"Delivery window was 6-8pm, arrived 9:40."
F0023,nps_verbatim,58,1,Service fee went up again with no notice.
F0024,support_ticket,58,1,Swapped organic chicken for conventional without asking. Charged me the organic price.
F0025,support_ticket,40,1,Lettuce was wilted and slimy.
F0026,support_ticket,51,1,Meat expiry was tomorrow. Who picked this?
F0027,nps_verbatim,70,5,Great produce selection.
F0028,support_ticket,85,3,Bread was squished flat under the milk.
F0029,support_ticket,30,1,No option to say 'do not substitute this item'. I keep getting junk.
F0030,app_review,22,1,Delivery fee doubled for the same order size.
F0031,app_review,72,1,Bananas were brown on arrival.
F0032,nps_verbatim,49,2,Lettuce was wilted and slimy.
F0033,support_ticket,35,3,Meat expiry was tomorrow. Who picked this?
F0034,support_ticket,31,2,Service fee went up again with no notice.
F0035,app_review,48,1,Meat expiry was tomorrow. Who picked this?
F0036,app_review,10,2,"No update, no ETA, driver just showed up an hour after the window."
F0037,app_review,90,2,"Groceries left at the wrong door, found them next morning."
F0038,support_ticket,21,1,Why is there a bag fee AND a service fee?
F0039,nps_verbatim,51,4,Checkout flow is smooth.
F0040,app_review,23,1,"Delivery window was 6-8pm, arrived 9:40."
F0041,app_review,51,2,Two hours late and the ice cream was soup.
F0042,app_review,56,4,"Love the app, shopper was great, five stars."
F0043,support_ticket,12,2,Lettuce was wilted and slimy.
F0044,nps_verbatim,1,3,"Ordered parsley, got cilantro. Third time this month."
F0045,nps_verbatim,10,1,"Wanted ripe avocados, got rock-hard ones and called it a substitution."
F0046,app_review,63,1,"No update, no ETA, driver just showed up an hour after the window."
F0047,support_ticket,81,2,"Delivery window was 6-8pm, arrived 9:40."
F0048,nps_verbatim,53,2,"No update, no ETA, driver just showed up an hour after the window."
F0049,support_ticket,35,1,Got a 2L when I ordered a 500mL. Now I have to carry that up three floors.
F0050,nps_verbatim,21,3,No option to say 'do not substitute this item'. I keep getting junk.
F0051,support_ticket,7,3,Delivery fee doubled for the same order size.
F0052,app_review,48,1,"No update, no ETA, driver just showed up an hour after the window."
F0053,app_review,21,1,Delivery fee doubled for the same order size.
F0054,nps_verbatim,68,1,Swapped organic chicken for conventional without asking. Charged me the organic price.
F0055,nps_verbatim,9,1,Window slipped twice in one afternoon.
F0056,support_ticket,14,3,Please just let me choose my own backup item. Why is this hard?
F0057,support_ticket,60,1,Eggs cracked in the carton.
F0058,app_review,34,1,Window slipped twice in one afternoon.
F0059,app_review,22,1,"Wanted ripe avocados, got rock-hard ones and called it a substitution."
F0060,app_review,2,1,Eggs cracked in the carton.
F0061,support_ticket,68,1,Swapped organic chicken for conventional without asking. Charged me the organic price.
F0062,app_review,28,1,Out of my shampoo so they sent conditioner. Not even close.
F0063,support_ticket,29,3,Bread was squished flat under the milk.
F0064,nps_verbatim,24,1,I would rather get nothing than a random replacement I did not ask for.
F0065,support_ticket,52,1,Got the wrong size diapers. Baby can't wait for a refund.
F0066,support_ticket,17,3,Substitution was fine once. Twice is a pattern. Cancelling.
F0067,support_ticket,79,3,Bread was squished flat under the milk.
F0068,nps_verbatim,22,3,"Asked for whole milk, they sent oat milk. Nobody checked with me."
F0069,app_review,49,2,Bread was squished flat under the milk.
F0070,nps_verbatim,11,3,Replaced my specific hot sauce with ketchup. Ketchup.
F0071,support_ticket,10,2,No option to say 'do not substitute this item'. I keep getting junk.
F0072,support_ticket,79,1,Why is there a bag fee AND a service fee?
F0073,app_review,48,1,Prices in the app are higher than in store.
F0074,nps_verbatim,30,3,Substitutes are always the more expensive version. Feels like a scam.
F0075,support_ticket,51,5,Good experience overall.
F0076,app_review,59,1,"Delivery window was 6-8pm, arrived 9:40."
F0077,app_review,2,2,Kids' snack swapped for one with nuts. Allergy. This is a safety issue.
F0078,support_ticket,12,3,Two hours late and the ice cream was soup.
F0079,nps_verbatim,56,2,"Ordered parsley, got cilantro. Third time this month."
F0080,support_ticket,80,3,"Delivery window was 6-8pm, arrived 9:40."
F0081,app_review,2,5,Great produce selection.
F0082,nps_verbatim,34,2,The replacement they picked for my baby formula was a different brand. Unacceptable.
F0083,support_ticket,62,3,Lettuce was wilted and slimy.
F0084,nps_verbatim,56,2,Substituted my gluten-free bread with regular bread. I'm celiac. Dangerous.
F0085,support_ticket,24,2,"No update, no ETA, driver just showed up an hour after the window."
F0086,support_ticket,21,1,Bread was squished flat under the milk.
F0087,support_ticket,51,2,Every other order has a substitution I have to return. Exhausting.
F0088,nps_verbatim,22,1,"Delivery window was 6-8pm, arrived 9:40."
F0089,nps_verbatim,10,1,"Wanted ripe avocados, got rock-hard ones and called it a substitution."
F0090,app_review,30,1,Meat expiry was tomorrow. Who picked this?
F0091,app_review,24,5,"Fast and accurate this time, thank you."
F0092,app_review,37,2,Delivery fee doubled for the same order size.
F0093,app_review,70,1,"Ordered parsley, got cilantro. Third time this month."
F0094,nps_verbatim,31,1,"Groceries left at the wrong door, found them next morning."
F0095,app_review,2,4,Great produce selection.
F0096,app_review,9,5,Good experience overall.
F0097,app_review,34,1,"Ordered parsley, got cilantro. Third time this month."
F0098,nps_verbatim,6,1,"Wanted ripe avocados, got rock-hard ones and called it a substitution."
F0099,app_review,3,2,Substitutes are always the more expensive version. Feels like a scam.
F0100,app_review,59,4,Great produce selection.
F0101,app_review,68,2,Sent decaf instead of regular. Ruined my morning.
F0102,app_review,26,2,Kids' snack swapped for one with nuts. Allergy. This is a safety issue.
F0103,support_ticket,80,4,Checkout flow is smooth.
F0104,app_review,49,2,Substitution was fine once. Twice is a pattern. Cancelling.
F0105,support_ticket,61,2,Window slipped twice in one afternoon.
F0106,support_ticket,23,2,Two hours late and the ice cream was soup.
F0107,app_review,44,1,Substitution was fine once. Twice is a pattern. Cancelling.
F0108,nps_verbatim,6,2,The shopper texted me about one swap but made four more without asking.
F0109,support_ticket,28,3,Window slipped twice in one afternoon.
F0110,app_review,53,4,Great produce selection.
F0111,support_ticket,21,1,Eggs cracked in the carton.
F0112,app_review,72,1,Prices in the app are higher than in store.
F0113,support_ticket,5,3,"No update, no ETA, driver just showed up an hour after the window."
F0114,app_review,62,2,"Ordered parsley, got cilantro. Third time this month."
F0115,support_ticket,24,3,Replaced my specific hot sauce with ketchup. Ketchup.
F0116,app_review,88,2,No option to say 'do not substitute this item'. I keep getting junk.
F0117,support_ticket,81,2,Window slipped twice in one afternoon.
F0118,nps_verbatim,58,3,Eggs cracked in the carton.
F0119,nps_verbatim,68,2,Prices in the app are higher than in store.
F0120,app_review,62,2,"Tip is pre-selected at 15%, sneaky."
F0121,nps_verbatim,61,3,Substitution was fine once. Twice is a pattern. Cancelling.
F0122,support_ticket,77,2,Meat expiry was tomorrow. Who picked this?
F0123,app_review,4,2,Substitution was fine once. Twice is a pattern. Cancelling.
F0124,app_review,8,2,"Tip is pre-selected at 15%, sneaky."
F0125,support_ticket,23,2,"Asked for whole milk, they sent oat milk. Nobody checked with me."
F0126,support_ticket,6,1,Substitution was fine once. Twice is a pattern. Cancelling.
F0127,nps_verbatim,19,1,Lettuce was wilted and slimy.
F0128,support_ticket,26,1,"Tip is pre-selected at 15%, sneaky."
F0129,support_ticket,58,5,"Love the app, shopper was great, five stars."
F0130,app_review,72,2,The replacement they picked for my baby formula was a different brand. Unacceptable.
F0131,support_ticket,88,3,Substituted my gluten-free bread with regular bread. I'm celiac. Dangerous.
F0132,app_review,75,1,Substituted my gluten-free bread with regular bread. I'm celiac. Dangerous.
F0133,app_review,34,2,Delivery fee doubled for the same order size.
F0134,support_ticket,48,5,Checkout flow is smooth.
F0135,nps_verbatim,2,2,Service fee went up again with no notice.
F0136,app_review,22,4,Great produce selection.
F0137,app_review,62,3,Eggs cracked in the carton.
F0138,support_ticket,27,3,Substitution was fine once. Twice is a pattern. Cancelling.
F0139,support_ticket,61,1,"Groceries left at the wrong door, found them next morning."
F0140,nps_verbatim,38,2,Prices in the app are higher than in store.
F0141,app_review,88,1,Sent decaf instead of regular. Ruined my morning.
F0142,app_review,75,1,Substitutes are always the more expensive version. Feels like a scam.
F0143,app_review,66,5,Driver was friendly and on time.
F0144,support_ticket,74,1,Substituted my gluten-free bread with regular bread. I'm celiac. Dangerous.
F0145,app_review,25,4,Driver was friendly and on time.
F0146,support_ticket,21,2,Service fee went up again with no notice.
F0147,support_ticket,31,1,Please just let me choose my own backup item. Why is this hard?
F0148,support_ticket,14,2,"Groceries left at the wrong door, found them next morning."
F0149,app_review,89,1,Meat expiry was tomorrow. Who picked this?
F0150,nps_verbatim,49,2,Service fee went up again with no notice.
F0151,nps_verbatim,35,1,Swapped organic chicken for conventional without asking. Charged me the organic price.
F0152,support_ticket,89,1,Substituted my gluten-free bread with regular bread. I'm celiac. Dangerous.
F0153,app_review,52,1,Just want a toggle: substitute yes/no per item. Every competitor has it.
F0154,nps_verbatim,43,3,Just want a toggle: substitute yes/no per item. Every competitor has it.
F0155,app_review,84,2,Please just let me choose my own backup item. Why is this hard?
F0156,support_ticket,32,1,Prices in the app are higher than in store.
F0157,nps_verbatim,1,2,Two hours late and the ice cream was soup.
F0158,support_ticket,82,1,"No update, no ETA, driver just showed up an hour after the window."
F0159,support_ticket,69,1,"Groceries left at the wrong door, found them next morning."
F0160,app_review,78,2,Replaced my specific hot sauce with ketchup. Ketchup.
F0161,nps_verbatim,23,1,Meat expiry was tomorrow. Who picked this?
F0162,nps_verbatim,3,2,Window slipped twice in one afternoon.
F0163,support_ticket,2,2,"No update, no ETA, driver just showed up an hour after the window."
F0164,support_ticket,4,1,Lettuce was wilted and slimy.
F0165,app_review,67,2,Why is there a bag fee AND a service fee?
F0166,support_ticket,82,2,Just want a toggle: substitute yes/no per item. Every competitor has it.
F0167,app_review,17,1,Just want a toggle: substitute yes/no per item. Every competitor has it.
F0168,support_ticket,74,2,"Groceries left at the wrong door, found them next morning."
F0169,app_review,85,3,Delivery fee doubled for the same order size.
F0170,app_review,17,3,Every other order has a substitution I have to return. Exhausting.
F0171,support_ticket,34,1,Got the wrong size diapers. Baby can't wait for a refund.
F0172,app_review,27,1,Sent decaf instead of regular. Ruined my morning.
F0173,nps_verbatim,25,2,Every other order has a substitution I have to return. Exhausting.
F0174,nps_verbatim,19,2,Two hours late and the ice cream was soup.
F0175,app_review,74,3,Why is there a bag fee AND a service fee?
F0176,app_review,31,2,Bread was squished flat under the milk.
F0177,app_review,12,1,Bread was squished flat under the milk.
F0178,nps_verbatim,44,3,Service fee went up again with no notice.
F0179,support_ticket,65,2,Service fee went up again with no notice.
F0180,app_review,26,3,I would rather get nothing than a random replacement I did not ask for.
F0181,support_ticket,15,1,Prices in the app are higher than in store.
F0182,nps_verbatim,33,1,Bananas were brown on arrival.
